Rank,Player,Team,ATT,YDS,Y/A,LG,20+,TD,REC,TGT,YDS2,Y/R,TD3,FL,G,FPTS,FPTS/G,ROST
1,Saquon Barkley (PHI),PHI,345,"2,005",5.8,72,17,13,33,43,278,8.4,2,1,16,322.3,20.1,99.00%
2,Derrick Henry (BAL),BAL,325,"1,921",5.9,87,19,16,19,22,193,10.2,2,1,17,317.4,18.7,98.70%
3,Jahmyr Gibbs (DET),DET,250,"1,412",5.6,70,13,16,52,63,517,9.9,4,1,17,310.9,18.3,99.00%
4,Bijan Robinson (ATL),ATL,304,"1,456",4.8,37,5,14,61,72,431,7.1,1,0,17,280.7,16.5,98.70%
5,Josh Jacobs (GB),GB,301,"1,329",4.4,38,7,15,36,43,342,9.5,1,3,17,257.1,15.1,98.10%
6,Kyren Williams (LAR),LAR,316,"1,299",4.1,30,2,14,34,40,182,5.4,2,3,16,238.1,14.9,97.60%
7,James Cook (BUF),BUF,207,"1,009",4.9,65,6,16,32,38,258,8.1,2,0,16,234.7,14.7,97.60%
8,Jonathan Taylor (IND),IND,303,"1,431",4.7,70,11,11,18,31,136,7.6,1,1,14,226.7,16.2,98.00%
9,De'Von Achane (MIA),MIA,203,907,4.5,61,5,6,78,87,592,7.6,6,0,17,221.9,13.1,97.90%
10,James Conner (ARI),ARI,236,"1,094",4.6,53,6,8,47,55,414,8.8,1,1,16,206.8,12.9,92.30%
11,Joe Mixon (HOU),HOU,245,"1,016",4.1,59,8,11,36,52,309,8.6,1,0,14,204.5,14.6,96.60%
12,Chase Brown (CIN),CIN,229,990,4.3,40,8,7,54,65,360,6.7,4,1,16,201,12.6,94.70%
13,Chuba Hubbard (CAR),CAR,250,"1,195",4.8,38,8,10,43,54,171,4,1,3,15,198.6,13.2,93.30%
14,Bucky Irving (TB),TB,207,"1,122",5.4,56,8,8,47,52,392,8.3,0,1,17,197.4,11.6,98.10%
15,Alvin Kamara (NO),NO,228,950,4.2,24,3,6,68,89,543,8,2,0,14,197.3,14.1,94.60%
16,Aaron Jones Sr. (MIN),MIN,255,"1,138",4.5,41,3,5,51,62,408,8,2,3,17,190.6,11.2,89.40%
17,David Montgomery (DET),DET,185,775,4.2,21,1,12,36,38,341,9.5,0,1,14,185.7,13.3,93.50%
18,Breece Hall (NYJ),NYJ,209,876,4.2,42,3,5,57,76,483,8.5,3,2,16,183.9,11.5,96.60%
19,D'Andre Swift (CHI),CHI,253,959,3.8,56,5,6,42,52,386,9.2,0,0,17,172.5,10.1,88.60%
20,Najee Harris (LAC),LAC,263,"1,043",4,36,9,6,36,48,283,7.9,0,0,17,168.6,9.9,82.40%
21,J.K. Dobbins (DEN),DEN,195,905,4.6,61,6,9,32,38,153,4.8,0,0,13,159.8,12.3,49.30%
22,Tony Pollard (TEN),TEN,260,"1,079",4.2,41,6,5,41,57,238,5.8,0,2,16,159.7,10,87.40%
23,Rico Dowdle (CAR),CAR,235,"1,079",4.6,27,2,2,39,49,249,6.4,3,2,16,158.8,9.9,41.20%
24,Rachaad White (TB),TB,144,613,4.3,56,2,3,51,57,393,7.7,6,3,16,148.6,9.3,72.80%
25,Zach Charbonnet (SEA),SEA,135,569,4.2,51,3,8,42,52,340,8.1,1,0,17,144.9,8.5,78.90%
26,Tyrone Tracy Jr. (NYG),NYG,192,839,4.4,45,6,5,38,53,284,7.5,1,2,17,144.3,8.5,85.00%
27,Rhamondre Stevenson (NE),NE,207,801,3.9,33,2,7,33,41,168,5.1,1,3,15,142.9,9.5,82.70%
28,Brian Robinson Jr. (WAS),WAS,187,799,4.3,40,4,8,20,25,159,8,0,2,14,139.8,10,85.70%
29,Kenneth Walker III (SEA),SEA,153,573,3.7,28,5,7,46,53,299,6.5,1,0,11,135.2,12.3,94.00%
30,Kareem Hunt (KC),KC,200,728,3.6,20,1,7,23,32,176,7.7,0,0,13,132.4,10.2,32.10%
31,Tank Bigsby (JAC),JAC,168,766,4.6,65,4,7,7,12,54,7.7,0,1,16,122,7.6,72.30%
32,Javonte Williams (DAL),DAL,139,513,3.7,20,1,4,52,70,346,6.7,0,2,17,105.9,6.2,77.90%
33,Jordan Mason (MIN),MIN,153,789,5.2,38,9,3,11,14,91,8.3,0,1,12,104,8.7,65.20%
34,Alexander Mattison (MIA),MIA,132,420,3.2,24,1,4,36,48,294,8.2,1,1,14,101.4,7.2,9.20%
35,Ray Davis (BUF),BUF,113,442,3.9,23,2,3,17,19,189,11.1,3,0,17,99.1,5.8,44.30%
36,Austin Ekeler (WAS),WAS,77,367,4.8,50,4,4,35,41,366,10.5,0,0,12,97.3,8.1,69.00%
37,Jerome Ford (CLE),CLE,104,565,5.4,66,5,3,37,43,225,6.1,0,0,14,97,6.9,39.10%
38,Tyler Allgeier (ATL),ATL,137,644,4.7,25,4,3,13,13,88,6.8,0,0,17,93.2,5.5,46.80%
39,Travis Etienne Jr. (JAC),JAC,150,558,3.7,22,2,2,39,52,254,6.5,0,1,15,91.2,6.1,82.00%
40,Jaylen Warren (PIT),PIT,120,511,4.3,22,1,1,38,47,310,8.2,0,1,15,86.1,5.7,84.40%
41,Ameer Abdullah (FA),FA,66,311,4.7,40,1,2,40,47,261,6.5,3,1,16,85.2,5.3,1.00%
42,Justice Hill (BAL),BAL,47,228,4.9,51,2,1,42,51,383,9.1,3,0,15,85.1,5.7,21.10%
43,Emanuel Wilson (GB),GB,103,502,4.9,21,1,4,11,14,48,4.4,1,0,17,85,5,3.50%
44,Tyjae Spears (TEN),TEN,84,312,3.7,23,1,4,30,35,224,7.5,1,0,12,83.6,7,68.30%
45,Antonio Gibson (NE),NE,120,538,4.5,45,4,1,23,29,206,9,0,0,17,80.4,4.7,13.60%
46,Cam Akers (FA),FA,104,444,4.3,58,2,2,14,18,68,4.9,3,1,16,79.2,5,2.90%
47,Isaac Guerendo (SF),SF,84,420,5,76,2,4,15,16,152,10.1,0,1,16,79.2,5,51.30%
48,Devin Singletary (NYG),NYG,113,437,3.9,43,2,4,21,24,119,5.7,0,2,16,75.6,4.7,11.30%
49,Ty Johnson (BUF),BUF,41,213,5.2,19,0,1,18,25,284,15.8,3,0,17,73.7,4.3,4.90%
50,Jaleel McLaughlin (DEN),DEN,113,496,4.4,21,1,1,24,27,76,3.2,2,1,16,73.2,4.6,20.30%
51,Braelon Allen (NYJ),NYJ,92,334,3.6,20,1,2,19,27,148,7.8,1,0,17,66.2,3.9,29.30%
52,Roschon Johnson (CHI),CHI,55,150,2.7,9,0,6,16,20,104,6.5,0,0,13,61.4,4.7,26.20%
53,Gus Edwards (FA),FA,101,365,3.6,43,1,4,3,5,6,2,0,0,11,61.1,5.6,4.30%
54,Sean Tucker (TB),TB,50,308,6.2,36,2,2,9,12,109,12.1,1,0,17,59.7,3.5,7.90%
55,Zack Moss (CIN),CIN,74,242,3.3,16,0,2,23,27,187,8.1,1,1,8,58.9,7.4,16.90%
56,Nick Chubb (HOU),HOU,102,332,3.3,19,0,3,5,11,31,6.2,1,1,8,58.3,7.3,36.70%
57,Jeremy McNichols (WAS),WAS,55,261,4.7,28,2,4,9,12,27,3,0,0,17,54.8,3.2,0.80%
58,Samaje Perine (CIN),CIN,20,92,4.6,13,0,1,28,35,322,11.5,1,0,17,53.4,3.1,3.70%
59,Miles Sanders (DAL),DAL,55,205,3.7,26,1,2,24,30,148,6.2,1,0,11,53.3,4.8,10.10%
60,Raheem Mostert (LV),LV,85,278,3.3,21,1,2,19,23,161,8.5,0,2,13,51.9,4,17.10%
61,Ezekiel Elliott (FA),FA,74,226,3.1,11,0,3,12,15,69,5.8,0,1,15,45.5,3,3.70%
62,Isiah Pacheco (KC),KC,83,310,3.7,34,1,1,12,16,79,6.6,0,0,7,44.9,6.4,89.80%
63,Kenneth Gainwell (PIT),PIT,75,290,3.9,20,1,1,16,22,116,7.3,0,1,17,44.6,2.6,5.80%
64,Audric Estime (DEN),DEN,76,310,4.1,21,1,2,5,5,27,5.4,0,1,13,43.7,3.4,18.70%
65,Dameon Pierce (HOU),HOU,40,293,7.3,92,2,2,2,4,2,1,0,0,11,41.5,3.8,10.10%
66,Trey Benson (ARI),ARI,63,291,4.6,20,1,1,6,6,59,9.8,0,0,13,41,3.2,44.60%
67,Emari Demercado (ARI),ARI,24,223,9.3,53,2,1,16,20,104,6.5,0,0,13,38.7,3,1.40%
68,Kyle Juszczyk (SF),SF,5,26,5.2,14,0,1,19,31,200,10.5,2,1,17,38.6,2.3,1.50%
69,Trey Sermon (PIT),PIT,56,159,2.8,17,0,2,16,19,99,6.2,0,0,17,37.8,2.2,1.30%
70,Dare Ogunbowale (HOU),HOU,30,112,3.7,35,1,0,19,28,198,10.4,1,0,17,37,2.2,1.60%
71,Isaiah Davis (NYJ),NYJ,30,174,5.8,20,1,1,9,12,75,8.3,1,0,14,36.9,2.6,6.90%
72,Tyler Goodson (IND),IND,32,153,4.8,33,1,1,11,15,61,5.5,1,0,16,33.4,2.1,1.40%
73,Christian McCaffrey (SF),SF,50,202,4,19,0,0,15,19,146,9.7,0,1,4,32.8,8.2,98.10%
74,Chris Brooks (GB),GB,36,183,5.1,23,1,1,11,13,69,6.3,0,0,13,31.2,2.4,0.80%
75,Chris Rodriguez Jr. (WAS),WAS,35,173,4.9,25,1,2,1,1,12,12,0,0,8,30.5,3.8,1.90%
76,Hassan Haskins (LAC),LAC,34,89,2.6,12,0,2,3,3,49,16.3,1,1,15,29.8,2,0.60%
77,Jamaal Williams (FA),FA,48,164,3.4,14,0,1,9,11,57,6.3,0,0,14,28.1,2,1.00%
78,Kimani Vidal (LAC),LAC,43,155,3.6,19,0,0,5,9,62,12.4,1,0,10,27.7,2.8,8.10%
79,Patrick Taylor Jr. (SF),SF,39,183,4.7,29,1,1,3,11,25,8.3,0,0,9,26.8,3,0.90%
80,D'Onta Foreman (FA),FA,71,232,3.3,25,1,0,6,8,54,9,0,1,11,26.6,2.4,1.40%
81,Blake Corum (LAR),LAR,58,207,3.6,12,0,0,7,8,58,8.3,0,0,15,26.5,1.8,31.50%
82,Cordarrelle Patterson (PIT),PIT,32,135,4.2,14,0,0,12,14,80,6.7,1,1,13,25.5,2,1.00%
83,Michael Carter (ARI),ARI,35,131,3.7,13,0,1,11,11,57,5.2,0,0,4,24.8,6.2,1.00%
84,Kendre Miller (NO),NO,39,148,3.8,17,0,1,5,8,33,6.6,0,0,7,24.1,3.4,19.60%
85,D'Ernest Johnson (FA),FA,32,143,4.5,22,1,0,12,19,96,8,0,0,13,23.9,1.8,1.00%
86,Jaylen Wright (MIA),MIA,68,249,3.7,20,1,0,3,6,8,2.7,0,1,15,23.7,1.6,36.80%
87,Zamir White (LV),LV,65,183,2.8,17,0,1,6,8,30,5,0,2,8,23.3,2.9,11.10%
88,Ty Chandler (MIN),MIN,56,182,3.3,25,1,0,6,6,42,7,0,0,15,22.4,1.5,4.80%
89,Khalil Herbert (IND),IND,36,130,3.6,14,0,1,10,11,25,2.5,0,0,13,21.5,1.7,7.30%
90,Pierre Strong Jr. (CLE),CLE,26,108,4.2,19,0,0,14,22,104,7.4,0,0,13,21.2,1.6,1.00%
91,Sincere McCormick (LV),LV,39,183,4.7,29,1,0,6,7,29,4.8,0,0,4,21.2,5.3,2.30%
92,Kenny McIntosh (SEA),SEA,31,172,5.5,25,1,0,3,4,22,7.3,0,0,12,19.4,1.6,1.10%
93,Michael Burton (DEN),DEN,7,8,1.1,3,0,1,10,10,65,6.5,1,0,17,19.3,1.1,0.10%
94,JaMycal Hasty (FA),FA,20,69,3.5,15,0,0,10,12,59,5.9,1,0,14,18.8,1.3,1.10%
95,DeeJay Dallas (ARI),ARI,9,49,5.4,22,1,0,3,3,11,3.7,1,0,16,18,1.1,0.10%
96,Craig Reynolds (DET),DET,31,139,4.5,19,0,0,3,5,40,13.3,0,0,14,17.9,1.3,1.10%
97,Carson Steele (KC),KC,56,183,3.3,9,0,0,7,11,26,3.7,0,2,16,16.9,1.1,0.80%
98,Alec Ingold (MIA),MIA,10,17,1.7,6,0,1,11,12,96,8.7,0,1,15,15.3,1,0.70%
99,Hunter Luepke (DAL),DAL,12,38,3.2,10,0,0,12,16,111,9.3,0,0,16,14.9,0.9,0.10%
100,Patrick Ricard (BAL),BAL,0,0,0,0,0,0,3,5,22,7.3,1,0,17,14.2,0.8,0.80%
101,Jordan Mims (FA),FA,20,70,3.5,9,0,0,12,18,71,5.9,0,0,9,14.1,1.6,0.00%
102,Ronnie Rivers (LAR),LAR,22,99,4.5,12,0,0,5,6,34,6.8,0,0,7,13.3,1.9,0.60%
103,Will Shipley (PHI),PHI,30,82,2.7,9,0,0,4,4,35,8.8,0,0,13,11.7,0.9,15.90%
104,Tony Jones Jr. (FA),FA,4,55,13.8,46,1,1,0,0,0,0,0,0,1,11.5,11.5,0.00%
105,Julius Chestnut (TEN),TEN,22,102,4.6,12,0,0,2,3,11,5.5,0,0,14,11.3,0.8,1.20%
106,Deuce Vaughn (DAL),DAL,17,70,4.1,12,0,0,3,5,18,6,0,0,6,8.8,1.5,1.60%
107,C.J. Ham (MIN),MIN,2,10,5,8,0,1,5,6,35,7,0,1,17,8.5,0.5,0.60%
108,Raheem Blackshear (CAR),CAR,15,80,5.3,26,1,0,0,0,0,0,0,0,16,8,0.5,1.00%
109,Jeff Wilson Jr. (FA),FA,16,57,3.6,14,0,0,3,3,19,6.3,0,0,9,7.6,0.8,1.00%
110,Eric Gray (NYG),NYG,14,31,2.2,6,0,0,10,11,82,8.2,0,2,16,7.3,0.5,1.00%
111,Clyde Edwards-Helaire (NO),NO,13,46,3.5,12,0,0,3,5,24,8,0,0,2,7,3.5,3.20%
112,Tyler Badie (DEN),DEN,11,86,7.8,43,1,0,3,3,-2,-0.7,0,1,3,6.4,2.1,0.80%
113,Kene Nwangwu (NYJ),NYJ,0,0,0,0,0,0,0,0,0,0,0,0,2,6,3,0.00%
114,Keaton Mitchell (BAL),BAL,15,30,2,7,0,0,1,1,28,28,0,0,4,5.8,1.5,14.90%
115,Sione Vaki (DET),DET,6,14,2.3,7,0,0,3,3,37,12.3,0,0,12,5.1,0.4,0.80%
116,Mike Boone (FA),FA,13,51,3.9,9,0,0,1,3,-2,-2,0,0,5,4.9,1,1.00%
117,Jonathon Brooks (CAR),CAR,9,22,2.4,9,0,0,3,3,23,7.7,0,0,3,4.5,1.5,11.20%
118,J.J. Taylor (HOU),HOU,10,44,4.4,9,0,0,2,3,0,0,0,0,4,4.4,1.1,0.60%
119,Jacob Kibodi (FA),FA,5,24,4.8,17,0,0,1,3,15,15,0,0,1,3.9,3.9,0.00%
120,Travis Homer (CHI),CHI,6,23,3.8,6,0,0,3,3,11,3.7,0,0,9,3.4,0.4,0.60%
121,Terrell Jennings (NE),NE,13,33,2.5,7,0,0,0,1,0,0,0,0,2,3.3,1.7,0.10%
122,Jase McClellan (ATL),ATL,13,32,2.5,8,0,0,0,0,0,0,0,0,2,3.2,1.6,0.60%
123,Jermar Jefferson (FA),FA,6,22,3.7,8,0,0,1,1,10,10,0,0,2,3.2,1.6,0.60%
124,Rasheen Ali (BAL),BAL,10,31,3.1,9,0,0,0,2,0,0,0,0,5,3.1,0.6,1.10%
125,Dalvin Cook (FA),FA,8,20,2.5,4,0,0,1,1,10,10,0,0,2,3,1.5,0.70%
126,Blake Watson (DEN),DEN,4,10,2.5,7,0,0,1,2,13,13,0,0,3,2.3,0.8,1.90%
127,Jonathan Ward (PIT),PIT,5,22,4.4,7,0,0,0,0,0,0,0,0,4,2.2,0.6,0.00%
128,MarShawn Lloyd (GB),GB,6,15,2.5,5,0,0,1,1,3,3,0,0,1,1.8,1.8,24.60%
129,Aaron Shampklin (FA),FA,6,17,2.8,5,0,0,0,0,0,0,0,0,3,1.7,0.6,0.60%
130,Tyreik McAllister (FA),FA,2,11,5.5,10,0,0,0,0,0,0,0,0,2,1.1,0.6,1.00%
131,Myles Gaskin (FA),FA,3,-1,-0.3,2,0,0,1,1,11,11,0,0,4,1,0.3,0.00%
132,George Holani (SEA),SEA,3,10,3.3,8,0,0,1,1,-1,-1,0,0,3,0.9,0.3,0.00%
133,Cody Schrader (LAR),LAR,1,3,3,3,0,0,1,1,6,6,0,0,1,0.9,0.9,1.00%
134,Chris Collier (LV),LV,5,12,2.4,4,0,0,1,2,-4,-4,0,0,6,0.8,0.1,0.00%
135,Tyrion Davis-Price (TEN),TEN,3,7,2.3,5,0,0,0,0,0,0,0,0,1,0.7,0.7,0.00%
136,Reggie Gilliam (BUF),BUF,3,7,2.3,4,0,0,0,0,0,0,0,0,14,0.7,0.1,0.00%
137,Ke'Shawn Vaughn (FA),FA,2,4,2,3,0,0,0,0,0,0,0,0,1,0.4,0.4,0.00%
138,Darrynton Evans (BUF),BUF,3,3,1,4,0,0,0,0,0,0,0,0,2,0.3,0.2,0.00%
139,British Brooks (HOU),HOU,1,2,2,2,0,0,0,0,0,0,0,0,3,0.2,0.1,0.00%
140,Joshua Kelley (FA),FA,1,2,2,2,0,0,0,0,0,0,0,0,2,0.2,0.1,0.00%
141,Tre Stewart (MIN),MIN,0,0,0,0,0,0,0,0,0,0,0,0,0,0,0,0.00%
142,Josh Williams (TB),TB,0,0,0,0,0,0,0,0,0,0,0,0,0,0,0,0.00%
143,LeQuint Allen Jr. (JAC),JAC,0,0,0,0,0,0,0,0,0,0,0,0,0,0,0,3.00%
144,Robbie Ouzts (SEA),SEA,0,0,0,0,0,0,0,0,0,0,0,0,0,0,0,0.00%
145,Nathan Carter (ATL),ATL,0,0,0,0,0,0,0,0,0,0,0,0,0,0,0,0.00%
146,Amar Johnson (GB),GB,0,0,0,0,0,0,0,0,0,0,0,0,0,0,0,0.00%
147,Elijah Young (KC),KC,0,0,0,0,0,0,0,0,0,0,0,0,0,0,0,0.00%
148,Montrell Johnson Jr. (PHI),PHI,0,0,0,0,0,0,0,0,0,0,0,0,0,0,0,0.00%
149,Jacardia Wright (SEA),SEA,0,0,0,0,0,0,0,0,0,0,0,0,0,0,0,0.00%
150,Deion Hankins (CHI),CHI,0,0,0,0,0,0,0,0,0,0,0,0,0,0,0,0.00%
151,Quali Conley (CIN),CIN,0,0,0,0,0,0,0,0,0,0,0,0,0,0,0,0.00%
152,Rushawn Baker (NYG),NYG,0,0,0,0,0,0,0,0,0,0,0,0,0,0,0,0.00%
153,ShunDerrick Powell (PHI),PHI,0,0,0,0,0,0,0,0,0,0,0,0,0,0,0,0.00%
154,Max Hurleman (PIT),PIT,0,0,0,0,0,0,0,0,0,0,0,0,0,0,0,0.00%
155,La'Mical Perine (FA),FA,0,0,0,0,0,0,0,0,0,0,0,0,1,0,0,0.00%
156,A.J. Dillon (PHI),PHI,0,0,0,0,0,0,0,0,0,0,0,0,0,0,0,5.70%
157,Anthony Tyus III (DET),DET,0,0,0,0,0,0,0,0,0,0,0,0,0,0,0,0.00%
158,Kye Robichaux (DET),DET,0,0,0,0,0,0,0,0,0,0,0,0,0,0,0,0.00%
159,Jalen White (GB),GB,0,0,0,0,0,0,0,0,0,0,0,0,0,0,0,0.00%
160,DJ Thomas-Jones (PIT),PIT,0,0,0,0,0,0,0,0,0,0,0,0,0,0,0,0.00%
161,Kayron Lynch-Adams (CAR),CAR,0,0,0,0,0,0,0,0,0,0,0,0,0,0,0,0.00%
162,Brock Lampe (NE),NE,0,0,0,0,0,0,0,0,0,0,0,0,0,0,0,0.00%
163,Salvon Ahmed (IND),IND,0,0,0,0,0,0,0,0,0,0,0,0,0,0,0,0.00%
164,Sone Ntoh (BAL),BAL,0,0,0,0,0,0,0,0,0,0,0,0,0,0,0,0.00%
165,Lan Larison (NE),NE,0,0,0,0,0,0,0,0,0,0,0,0,0,0,0,1.00%
166,Jaret Patterson (LAC),LAC,0,0,0,0,0,0,0,0,0,0,0,0,0,0,0,0.00%
167,Demetric Felton Jr. (WAS),WAS,0,0,0,0,0,0,0,0,0,0,0,0,0,0,0,0.00%
168,Ahmani Marshall (CLE),CLE,0,0,0,0,0,0,0,0,0,0,0,0,0,0,0,0.00%
169,Woody Marks (HOU),HOU,0,0,0,0,0,0,0,0,0,0,0,0,0,0,0,14.10%
170,Omarion Hampton (LAC),LAC,0,0,0,0,0,0,0,0,0,0,0,0,0,0,0,90.00%
171,Trevor Etienne (CAR),CAR,0,0,0,0,0,0,0,0,0,0,0,0,0,0,0,13.00%
172,Quinshon Judkins (CLE),CLE,0,0,0,0,0,0,0,0,0,0,0,0,0,0,0,87.30%
173,Xazavian Valladay (NO),NO,0,0,0,0,0,0,0,0,0,0,0,0,0,0,0,1.10%
174,Evan Hull (PIT),PIT,0,0,0,0,0,0,0,0,0,0,0,0,1,0,0,1.20%
175,Carlos Washington Jr. (ATL),ATL,0,0,0,0,0,0,0,0,0,0,0,0,0,0,0,0.00%
176,Kazmeir Allen (WAS),WAS,0,0,0,0,0,0,0,0,0,0,0,0,1,0,0,0.00%
177,Scott Matlock (LAC),LAC,0,0,0,0,0,0,4,5,28,7,0,0,17,0,0,17.30%
178,Elijah Dotson (ATL),ATL,0,0,0,0,0,0,0,0,0,0,0,0,0,0,0,0.00%
179,Lew Nichols III (PHI),PHI,0,0,0,0,0,0,0,0,0,0,0,0,0,0,0,1.70%
180,Zonovan Knight (NYJ),NYJ,0,0,0,0,0,0,0,0,0,0,0,0,0,0,0,0.00%
181,Troy Hairston II (CLE),CLE,0,0,0,0,0,0,0,0,0,0,0,0,2,0,0,1.10%
182,Jordan Waters (LAR),LAR,0,0,0,0,0,0,0,0,0,0,0,0,0,0,0,0.00%
183,Ian Wheeler (CHI),CHI,0,0,0,0,0,0,0,0,0,0,0,0,0,0,0,0.00%
184,Colson Yankoff (WAS),WAS,0,0,0,0,0,0,0,0,0,0,0,0,4,0,0,1.10%
185,Dante Miller (NYG),NYG,0,0,0,0,0,0,0,0,0,0,0,0,2,0,0,0.00%
186,Louis Rees-Zammit (JAC),JAC,0,0,0,0,0,0,0,0,0,0,0,0,0,0,0,1.00%
187,Marcus Yarns (NO),NO,0,0,0,0,0,0,0,0,0,0,0,0,0,0,0,3.60%
188,Michael Wiley (WAS),WAS,0,0,0,0,0,0,0,0,0,0,0,0,0,0,0,0.00%
189,Emani Bailey (CAR),CAR,0,0,0,0,0,0,0,0,0,0,0,0,0,0,0,0.00%
190,Jawhar Jordan (HOU),HOU,0,0,0,0,0,0,0,0,0,0,0,0,0,0,0,0.00%
191,Brashard Smith (KC),KC,0,0,0,0,0,0,0,0,0,0,0,0,0,0,0,14.00%
192,Cam Skattebo (NYG),NYG,0,0,0,0,0,0,0,0,0,0,0,0,0,0,0,77.70%
193,Kaleb Johnson (PIT),PIT,0,0,0,0,0,0,0,0,0,0,0,0,0,0,0,82.90%
194,RJ Harvey (DEN),DEN,0,0,0,0,0,0,0,0,0,0,0,0,0,0,0,86.60%
195,Kyle Monangai (CHI),CHI,0,0,0,0,0,0,0,0,0,0,0,0,0,0,0,12.50%
196,Dylan Sampson (CLE),CLE,0,0,0,0,0,0,0,0,0,0,0,0,0,0,0,24.70%
197,DJ Giddens (IND),IND,0,0,0,0,0,0,0,0,0,0,0,0,0,0,0,19.10%
198,Kalel Mullings (TEN),TEN,0,0,0,0,0,0,0,0,0,0,0,0,0,0,0,3.80%
199,Tahj Brooks (CIN),CIN,0,0,0,0,0,0,0,0,0,0,0,0,0,0,0,10.00%
200,Damien Martinez (SEA),SEA,0,0,0,0,0,0,0,0,0,0,0,0,0,0,0,9.90%
201,Ellis Merriweather (GB),GB,0,0,0,0,0,0,0,0,0,0,0,0,0,0,0,0.10%
202,Zavier Scott (MIN),MIN,0,0,0,0,0,0,0,0,0,0,0,0,0,0,0,0.00%
203,Brady Russell (SEA),SEA,0,0,0,0,0,0,0,0,0,0,0,0,11,0,0,0.00%
204,Ben VanSumeren (PHI),PHI,0,0,0,0,0,0,1,1,0,0,0,0,7,0,0,1.00%
205,Jacory Croskey-Merritt (WAS),WAS,0,0,0,0,0,0,0,0,0,0,0,0,0,0,0,8.20%
206,Bhayshul Tuten (JAC),JAC,0,0,0,0,0,0,0,0,0,0,0,0,0,0,0,52.50%
207,Frank Gore Jr. (BUF),BUF,0,0,0,0,0,0,0,0,0,0,0,0,0,0,0,0.60%
208,Ashton Jeanty (LV),LV,0,0,0,0,0,0,0,0,0,0,0,0,0,0,0,96.30%
209,Ollie Gordon II (MIA),MIA,0,0,0,0,0,0,0,0,0,0,0,0,0,0,0,20.10%
210,Jordan James (SF),SF,0,0,0,0,0,0,0,0,0,0,0,0,0,0,0,16.60%
211,Jabari Small (FA),FA,0,0,0,0,0,0,0,0,0,0,0,0,1,0,0,0.00%
212,Donovan Edwards (NYJ),NYJ,0,0,0,0,0,0,0,0,0,0,0,0,0,0,0,6.20%
213,Corey Kiner (SF),SF,0,0,0,0,0,0,0,0,0,0,0,0,0,0,0,2.90%
214,Zach Evans (NYJ),NYJ,0,0,0,0,0,0,0,0,0,0,0,0,0,0,0,1.20%
215,Ulysses Bentley IV (IND),IND,0,0,0,0,0,0,0,0,0,0,0,0,0,0,0,0.00%
216,Marcus Major Jr. (BAL),BAL,0,0,0,0,0,0,0,0,0,0,0,0,0,0,0,0.00%
217,TreVeyon Henderson (NE),NE,0,0,0,0,0,0,0,0,0,0,0,0,0,0,0,83.00%
218,Chris Tyree (NO),NO,0,0,0,0,0,0,0,0,0,0,0,0,0,0,0,0.00%
219,Kendall Milton (CIN),CIN,0,0,0,0,0,0,0,0,0,0,0,0,2,0,0,0.00%
220,Nate Noel (MIA),MIA,0,0,0,0,0,0,0,0,0,0,0,0,0,0,0,0.00%
221,Javian Hawkins (TEN),TEN,0,0,0,0,0,0,0,0,0,0,0,0,0,0,0,0.00%
222,D.J. Williams (TB),TB,0,0,0,0,0,0,0,0,0,0,0,0,1,0,0,0.00%
223,Phil Mafah (DAL),DAL,0,0,0,0,0,0,0,0,0,0,0,0,0,0,0,2.80%
224,Elijah Mitchell (KC),KC,0,0,0,0,0,0,0,0,0,0,0,0,0,0,0,7.40%
225,Keilan Robinson (PHI),PHI,0,0,0,0,0,0,0,0,0,0,0,0,3,0,0,0.10%
226,Devin Neal (NO),NO,0,0,0,0,0,0,0,0,0,0,0,0,0,0,0,23.00%
227,Jarquez Hunter (LAR),LAR,0,0,0,0,0,0,0,0,0,0,0,0,0,0,0,14.50%
228,Israel Abanikanda (SF),SF,0,0,0,0,0,0,0,0,0,0,0,0,0,0,0,1.40%
229,Raheim Sanders (LAC),LAC,0,0,0,0,0,0,0,0,0,0,0,0,0,0,0,7.30%
230,Jaydon Blue (DAL),DAL,0,0,0,0,0,0,0,0,0,0,0,0,0,0,0,52.90%
231,Velus Jones Jr. (NO),NO,3,11,3.7,6,0,0,1,1,8,8,0,1,2,0,0,0.10%
232,Avery Williams (PHI),PHI,0,0,0,0,0,0,0,0,0,0,0,0,17,0,0,0.60%
233,Gary Brightwell (CIN),CIN,0,0,0,0,0,0,0,0,0,0,0,0,1,0,0,0.00%
234,Ja'Quinden Jackson (JAC),JAC,0,0,0,0,0,0,0,0,0,0,0,0,0,0,0,3.30%
235,Keaontay Ingram (KC),KC,0,0,0,0,0,0,0,0,0,0,0,0,1,0,0,0.10%
236,Adam Prentice (FA),FA,0,0,0,0,0,0,0,4,0,0,0,0,17,0,0,0.00%
237,Shane Bannon (KC),KC,0,0,0,0,0,0,0,0,0,0,0,0,0,0,0,0.00%
238,Jay Finley (CIN),CIN,0,0,0,0,0,0,0,0,0,0,0,0,0,0,0,0.00%
239,Willie Carter (CHI),CHI,0,0,0,0,0,0,0,0,0,0,0,0,0,0,0,0.00%
240,Kenny Irons (CIN),CIN,0,0,0,0,0,0,0,0,0,0,0,0,0,0,0,0.00%
241,Chad Simpson (WAS),WAS,0,0,0,0,0,0,0,0,0,0,0,0,0,0,0,0.00%
242,Anthony Alridge (WAS),WAS,0,0,0,0,0,0,0,0,0,0,0,0,0,0,0,0.00%
243,Dantrell Savage (CAR),CAR,0,0,0,0,0,0,0,0,0,0,0,0,0,0,0,0.00%
244,Xavier Omon (SF),SF,0,0,0,0,0,0,0,0,0,0,0,0,0,0,0,0.00%
245,Garrett Mills (NE),NE,0,0,0,0,0,0,0,0,0,0,0,0,0,0,0,0.00%
246,Madison Hedgecock (NYG),NYG,0,0,0,0,0,0,0,0,0,0,0,0,0,0,0,0.00%
247,Samkon Gado (TEN),TEN,0,0,0,0,0,0,0,0,0,0,0,0,0,0,0,0.00%
248,John Kelly Jr. (FA),FA,0,0,0,0,0,0,0,0,0,0,0,0,1,0,0,0.00%
249,Nyheim Hines (FA),FA,0,0,0,0,0,0,0,0,0,0,0,0,2,0,0,0.10%
250,Taquan Mizzell (NYG),NYG,0,0,0,0,0,0,0,0,0,0,0,0,0,0,0,0.00%
251,Trayveon Williams (NE),NE,0,0,0,0,0,0,0,0,0,0,0,0,8,0,0,0.00%
252,Khari Blasingame (FA),FA,0,0,0,0,0,0,0,0,0,0,0,0,4,0,0,0.00%
253,Andrew Beck (NYJ),NYJ,0,0,0,0,0,0,0,2,0,0,0,0,4,0,0,0.00%
254,Mike Weber (NYG),NYG,0,0,0,0,0,0,0,0,0,0,0,0,0,0,0,1.00%
255,Jakob Johnson (HOU),HOU,0,0,0,0,0,0,0,0,0,0,0,0,3,0,0,0.00%
256,Brennan Clay (DEN),DEN,0,0,0,0,0,0,0,0,0,0,0,0,0,0,0,0.00%
257,Tim Flanders (NO),NO,0,0,0,0,0,0,0,0,0,0,0,0,0,0,0,0.00%
258,Lucas Scott (BAL),BAL,0,0,0,0,0,0,0,0,0,0,0,0,0,0,0,0.00%
259,Dylan Laube (LV),LV,1,0,0,0,0,0,0,0,0,0,0,1,6,-2,-0.3,1.20%
